id_post,autor,data,texto,curtidas,texto_processado,Sentimento
1.0,felipe_toscamo,29/11/2025,Que bom!!!,0.0,que bom,Positivo
1.0,victorcarbone,29/11/2025,Muito bom! ☺️ Quem ganha são os pacientes 👏🏻👏🏻👏🏻👏🏻,2.0,muito bom quem ganha sao os pacientes,Positivo
1.0,illianadinne,30/11/2025,Que conquista! Parabéns a todos... em especial dra. Juliana! 😍,0.0,que conquista parabens a todos em especial dra juliana,Positivo
1.0,a_culpada_de_tudoooo_,01/12/2025,Os pacientes agradece.👏👏👏👏👏👏,0.0,os pacientes agradece,Neutro
1.0,renata.brgs,29/11/2025,👏👏👏👏,0.0,,Neutro
2.0,gardeniasheila,28/11/2025,"Equipe maravilhosa! Além de serem profissionais de altíssimo nível, vocês demonstram uma paixão e uma humanização gigantescas em cada um. E isso é claramente visível e emocionante no rostinho dessas crianças.",2.0,equipe maravilhosa alem de serem profissionais de altissimo nivel voces demonstram uma paixao e uma humanizacao gigantescas em cada um e isso e claramente visivel e emocionante no rostinho dessas criancas,Positivo
2.0,weruska_alcoforado,28/11/2025,Linda ação 😍😍,0.0,linda acao,Neutro
2.0,nutri.aalinealves,28/11/2025,"Bonito de ver, as crianças, famílias e profissionais integrados… sendo cuidados. Cuidado Paliativo impecável 👆🏾Parabéns 👏🏽",0.0,bonito de ver as criancas familias e profissionais integrados sendo cuidados cuidado paliativo impecavel parabens,Positivo
2.0,allinelarissars,28/11/2025,Que lindo!!!! Parabéns para essa comissão maravilhosa!!!!As crianças merecem😍😍😍😍😍😍😍😍😍,1.0,que lindo parabens para essa comissao maravilhosa as criancas merecem,Positivo
2.0,elidiane.cristin,28/11/2025,"Foi maravilhoso fiquei muito emocionada, essas crianças merecem ter mais momentos felizes obrigado a todos",2.0,foi maravilhoso fiquei muito emocionada essas criancas merecem ter mais momentos felizes obrigado a todos,Positivo
3.0,socorrosil_,27/11/2025,Eu espero a mamografia desde de 2021,0.0,eu espero a mamografia desde de,Negativo
3.0,kessyadiniz,26/11/2025,Que equipe maravilhosa 👏👏👏,1.0,que equipe maravilhosa,Positivo
3.0,esmalteriajanaynnasouz,26/11/2025,Os meus melhores parabéns vocês dá muito top.,2.0,os meus melhores parabens voces da muito top,Positivo
3.0,criskarolayne,27/11/2025,Equipe de grande referência! 👏🏼👏🏼👏🏼👏🏼👏🏼,0.0,equipe de grande referencia,Neutro
3.0,raiane.barbosaof,27/11/2025,"Que equipe MARAVILHOSA 🙌 obrigado por tudo , 😍🙌❤️ Deus abençoe vcs sempre 🙌",1.0,que equipe maravilhosa obrigado por tudo deus abencoe vcs sempre,Positivo
4.0,medeirosanakarla,25/11/2025,Grande profissional!!!,0.0,grande profissional,Neutro
4.0,paolonegreli,24/11/2025,👏🏿👏🏿👏🏿👏🏿👏🏿orgulho dessa equipe!!!!,0.0,orgulho dessa equipe,Neutro
4.0,mgoretecoutinho,24/11/2025,aí só tem top maravilhosos,1.0,ai so tem top maravilhosos,Positivo
4.0,juceliadeantonio,24/11/2025,É um orgulho fazer parte dessa equipe TOP👏👏,1.0,e um orgulho fazer parte dessa equipe top,Positivo
4.0,_gleycepessoa,24/11/2025,@andreamspessoa,1.0,,Neutro
5.0,clarasantos.adv,13/11/2025,Ian todo lindo e sorridente 😍❤️,3.0,ian todo lindo e sorridente,Neutro
5.0,niliandantas,13/11/2025,"Que sorriso lindo 😍😍, vai ficar tudo bem 🙌.",2.0,que sorriso lindo vai ficar tudo bem,Neutro
5.0,elionekellyde,13/11/2025,Que Deus restaure a sua saúde 🙏 Já deu tudo certo.,2.0,que deus restaure a sua saude ja deu tudo certo,Neutro
5.0,emilyv.__,13/11/2025,Teamo meu pequeno príncipe💙🤏,2.0,teamo meu pequeno principe,Neutro
5.0,eloisa_soareswxz,13/11/2025,Lindooo😍❤️,2.0,lindooo,Neutro
6.0,janu_sep,04/11/2025,Excelentes funcionários obrigado pelos serviços prestados Deus abençoe vocês 👏👏👏👏🙌,1.0,excelentes funcionarios obrigado pelos servicos prestados deus abencoe voces,Neutro
6.0,cantorluann,04/11/2025,Richard é uma pessoa fantástica❤️,1.0,richard e uma pessoa fantastica,Neutro
6.0,silvaednaci,04/11/2025,São pessoas maravilhosa todos sao muitos atenciosos ❤️❤️,1.0,sao pessoas maravilhosa todos sao muitos atenciosos,Positivo
6.0,mariajuliana6471,04/11/2025,"Um absurdo esse hospital, não telefonista, ninguém atende. Cadê a ebserh para investir..??",0.0,um absurdo esse hospital nao telefonista ninguem atende cade a ebserh para investir,Negativo
6.0,julio.biolog,04/11/2025,"Muito feliz em fazer parte dessa instituição, fazer parte dessa história. O HUOL está no ❤️",0.0,muito feliz em fazer parte dessa instituicao fazer parte dessa historia o huol esta no,Neutro
7.0,janainaliraaa,16/10/2025,"A nossa intenção é essa, transmitir o amor . Hotelaria sinônimo de hospitalidade humanizada😍",4.0,a nossa intencao e essa transmitir o amor hotelaria sinonimo de hospitalidade humanizada,Neutro
7.0,camaraione,16/10/2025,É gratificante esse cuidado 👏👏👏estão de parabéns essa equipe do huol,4.0,e gratificante esse cuidado estao de parabens essa equipe do huol,Positivo
7.0,queiroz_edu,16/10/2025,Pequenos gestos que fazem a diferença para quem está fragilizado ❤️,2.0,pequenos gestos que fazem a diferenca para quem esta fragilizado,Neutro
7.0,sil_pef,16/10/2025,Linda iniciativa da hotelaria! Parabéns a todos pelo engajamento e humanização no cuidado ❤️,4.0,linda iniciativa da hotelaria parabens a todos pelo engajamento e humanizacao no cuidado,Positivo
7.0,wendna_morais,16/10/2025,Lindo,1.0,lindo,Neutro
8.0,anakatarina700,13/10/2025,Como faz pra entra na fila alguém que fez sabe dizer como foi o resultado,0.0,como faz pra entra na fila alguem que fez sabe dizer como foi o resultado,Neutro
8.0,lidianafreitasdasilva,13/10/2025,Como faz pra entra na fila,1.0,como faz pra entra na fila,Neutro
8.0,santelmanascimento,13/10/2025,Meu sonho é fazer a cirurgia Bariatica,2.0,meu sonho e fazer a cirurgia bariatica,Neutro
8.0,marlucesousavitoriosa,13/10/2025,Estou esperando ser chamada para fazer a minha 😍 se Deus permitir,1.0,estou esperando ser chamada para fazer a minha se deus permitir,Negativo
8.0,clivaneideconfessor,13/10/2025,"Vendo os comentários, Jesus o povo quer tudo mastigadinho né...... Incrível",0.0,vendo os comentarios jesus o povo quer tudo mastigadinho ne incrivel,Positivo
9.0,daianemorresco,11/10/2025,"Deveria abrir vaga pra consulta, isso sim",2.0,deveria abrir vaga pra consulta isso sim,Neutro
9.0,s.fiqueredo,11/10/2025,Queria saber como marco a consulta da minha filha ela é paciente já dai,1.0,queria saber como marco a consulta da minha filha ela e paciente ja dai,Neutro
9.0,vitorialopes3813,11/10/2025,Quero saber como faço marca consulta eu e meu filho somos pacientes daí,0.0,quero saber como faco marca consulta eu e meu filho somos pacientes dai,Neutro
9.0,kalline.santana_,11/10/2025,Como faço para obter melhores informações sobre as consultas?,1.0,como faco para obter melhores informacoes sobre as consultas,Neutro
9.0,cellma04,11/10/2025,Eu quero marcar uma consulta,0.0,eu quero marcar uma consulta,Neutro
10.0,cecylia.ys,13/09/2025,Que pena que só vi agora faz dois anos que espero cirurgia de vesicula😢,0.0,que pena que so vi agora faz dois anos que espero cirurgia de vesicula,Negativo
10.0,soniap.cordeiro,13/09/2025,é só para quem estava na fila de espera ou não?,0.0,e so para quem estava na fila de espera ou nao,Neutro
10.0,evanuska_de_albuquerque,13/09/2025,"Meu esposo foi e voltou ,Era só pra quem já estava agendado então pra quê anu criar?",0.0,meu esposo foi e voltou era so pra quem ja estava agendado entao pra que anu criar,Neutro
10.0,lisieux123,12/09/2025,👏👏👏👏👏👏👏👏👏viva o sus!!!,0.0,viva o sus,Neutro
10.0,iammagdabarbosa,12/09/2025,Arrasando @kellynhaaa123,0.0,arrasando,Neutro
,,,nan,,nan,Neutro
,,,nan,,nan,Neutro
,,,nan,,nan,Neutro
,,,nan,,nan,Neutro
